real_accuracy,synth_accuracy
0.5168977277760552,0.49949063205917527
0.5157461133011472,0.49895911768614076
0.5178721707932852,0.5040527970943881
0.5178278779288656,0.5017938610089915
0.5179164636577047,0.4978075032112327
