real_accuracy,synth_accuracy,f1_ml_real,f1_ml_synth
0.5993710413252425,0.5032998183992559,0.6070052539404553,0.5543775649794802
0.60251583469903,0.5019710324666696,0.5920704845814978,0.5146817435710378
0.6008327058510874,0.49935775346591665,0.5942674025280399,0.5355799116636676
0.6021171989192541,0.5006865393985029,0.5989565217391304,0.5214692188308329
0.6036674491739381,0.5039199185011295,0.5818896231469906,0.5108848314606742
