real_accuracy,synth_accuracy
0.5993710413252425,0.5063560260442043
0.60251583469903,0.5009080037206006
0.6008327058510874,0.5258005935243832
0.6021171989192541,0.5125127341985206
0.6036674491739381,0.4957257385835142
